                  epoch,         train/box_loss,         train/seg_loss,         train/cls_loss,         train/dfl_loss,   metrics/precision(B),      metrics/recall(B),       metrics/mAP50(B),    metrics/mAP50-95(B),   metrics/precision(M),      metrics/recall(M),       metrics/mAP50(M),    metrics/mAP50-95(M),           val/box_loss,           val/seg_loss,           val/cls_loss,           val/dfl_loss,                 lr/pg0,                 lr/pg1,                 lr/pg2
                      0,                 1.0213,                 2.3551,                 1.3458,                 1.1171,                0.55076,                0.58547,                0.60666,                0.45691,                0.51858,                0.54947,                0.56469,                0.37329,                 1.0797,                 2.0942,                  1.155,                  1.119,                 0.0937,                 0.0007,                 0.0007
                      1,                 1.1341,                 2.4023,                 1.3881,                 1.1829,                0.61727,                0.58868,                0.62279,                0.46894,                0.59062,                0.56308,                0.58697,                0.38823,                 1.0712,                 2.0454,                 1.0948,                 1.1126,               0.086005,               0.001005,               0.001005
                      2,                 1.1201,                 2.3397,                 1.2761,                 1.1552,                0.63291,                0.61235,                0.63995,                0.47933,                0.58643,                0.57384,                0.59688,                0.39468,                 1.0595,                 2.0201,                 1.0742,                 1.1046,               0.077782,               0.000782,               0.000782
